1036;mx.graphics.shaderClasses.HueShader_ShaderClass
1039;mx.graphics.shaderClasses.ExclusionShader_ShaderClass
1033;mx.graphics.shaderClasses.ColorDodgeShader_ShaderClass
1037;mx.graphics.shaderClasses.ColorShader_ShaderClass
1035;mx.graphics.shaderClasses.ColorBurnShader_ShaderClass
1034;mx.graphics.shaderClasses.LuminosityShader_ShaderClass
1038;mx.graphics.shaderClasses.SoftLightShader_ShaderClass
1032;mx.graphics.shaderClasses.SaturationShader_ShaderClass
1030;com.junkbyte.console.addons.htmlexport.ConsoleHtmlExportAddon_EmbeddedTemplate
1004;__ASSET__assets_fonts_co_text_bold_ttf
1005;__ASSET__assets_fonts_co_text_light_ttf
1006;__ASSET__assets_fonts_co_text_regular_ttf
1007;__ASSET__assets_background_png
1008;__ASSET__assets_components_buttons_closebutton_default_png
1009;__ASSET__assets_components_buttons_closebutton_down_png
1010;__ASSET__assets_components_buttons_closebutton_hover_png
1011;__ASSET__assets_components_buttons_redbutton_default_png
1012;__ASSET__assets_components_buttons_redbutton_down_png
1013;__ASSET__assets_components_buttons_redbutton_hover_png
1014;__ASSET__assets_components_buttons_yellowbutton_default_png
1015;__ASSET__assets_components_buttons_yellowbutton_down_png
1016;__ASSET__assets_components_buttons_yellowbutton_hover_png
1017;__ASSET__assets_hud_redpanelheader_png
1018;__ASSET__assets_hud_yellowpanelheader_png
1019;__ASSET__assets_flags_egypt_png
1020;__ASSET__assets_flags_global_png
1021;__ASSET__assets_flags_marhab_png
1022;__ASSET__assets_flags_russia_png
1023;__ASSET__assets_flags_spain_png
1024;__ASSET__assets_flags_turkey_png
1025;__ASSET__assets_flags_unknown_png
1026;__ASSET__lib_sanalikaairui_json
1027;__ASSET__manifest_assets_json
1028;__ASSET__manifest_default_json
3;stop_recording_button_png$90d74ac431f78120c11f3fa0c66bf63b1350089600
0;boot_338d
1;_res._swf:SanalikaAirUI_swf
